{
  "User": [
    {
      "firstName": "Sai",
      "lastName": "Teja",
      "phoneNumber": "9666988752",
      "email": "saiteja31096@gmail.com",
      "password": "saiteja123",
      "id": 1
    },
    {
      "firstName": "Sandesh B P",
      "lastName": "Lotlikar",
      "phoneNumber": "9481419215",
      "email": "sandeshbplotlikar@gmail.com",
      "password": "123",
      "id": 2
    },
    {
      "firstName": "sangmesh",
      "lastName": "sj",
      "phoneNumber": "9481419215",
      "email": "sangusj921@gmail.com",
      "password": "1234",
      "id": 3
    }
  ],
  "Messages": [
    {
      "msg": "d",
      "sender": 3,
      "receiver": 1,
      "id": 8
    },
    {
      "msg": "dd",
      "sender": 3,
      "receiver": 1,
      "id": 9
    },
    {
      "msg": "ryykk",
      "sender": 3,
      "receiver": 3,
      "id": 10
    },
    {
      "msg": "ryykk",
      "sender": 3,
      "receiver": 3,
      "id": 11
    },
    {
      "msg": "ryykk",
      "sender": 3,
      "receiver": 3,
      "id": 12
    },
    {
      "msg": "ryykk",
      "sender": 3,
      "receiver": 3,
      "id": 13
    },
    {
      "msg": "fdfdfedf",
      "sender": 1,
      "receiver": 2,
      "id": 14
    },
    {
      "msg": "dsdwsd",
      "sender": 1,
      "receiver": 3,
      "id": 15
    },
    {
      "msg": "ddd",
      "sender": 3,
      "receiver": 1,
      "id": 16
    },
    {
      "msg": "gfg",
      "sender": 1,
      "receiver": 2,
      "id": 17
    },
    {
      "msg": "gfg",
      "sender": 1,
      "receiver": 2,
      "id": 18
    },
    {
      "msg": "hhghgh",
      "sender": 3,
      "receiver": 1,
      "TimeNdate": "2019-04-20T09:13:35.489Z",
      "id": 19
    },
    {
      "msg": "ghnfhn",
      "sender": 3,
      "receiver": 1,
      "TimeNdate": "2019-04-20T09:15:36.432Z",
      "id": 20
    },
    {
      "msg": "ghnfhn",
      "sender": 3,
      "receiver": 1,
      "TimeNdate": "2019-04-20T09:15:36.432Z",
      "id": 21
    },
    {
      "msg": "ghnfhn",
      "sender": 3,
      "receiver": 1,
      "TimeNdate": "2019-04-20T09:15:36.432Z",
      "id": 22
    },
    {
      "msg": "mvnfgmnb",
      "sender": 3,
      "receiver": 1,
      "TimeNdate": "2019-04-20T09:15:36.432Z",
      "id": 23
    },
    {
      "msg": "hnthn",
      "sender": 3,
      "receiver": 2,
      "TimeNdate": "2019-04-20T09:42:06.842Z",
      "id": 24
    },
    {
      "msg": "gggg",
      "sender": 1,
      "receiver": 3,
      "TimeNdate": "2019-04-20T09:44:03.183Z",
      "id": 25
    },
    {
      "msg": "ggg",
      "sender": 1,
      "receiver": 3,
      "TimeNdate": "2019-04-20T09:51:15.780Z",
      "id": 26
    },
    {
      "msg": "fff",
      "sender": 1,
      "receiver": 3,
      "TimeNdate": "2019-04-20T09:52:46.948Z",
      "id": 27
    },
    {
      "msg": "",
      "sender": 1,
      "receiver": 2,
      "TimeNdate": "2019-04-20T09:53:38.402Z",
      "id": 28
    },
    {
      "msg": "fff",
      "sender": 1,
      "receiver": 2,
      "TimeNdate": "2019-04-20T09:53:38.402Z",
      "id": 29
    },
    {
      "msg": "",
      "sender": 1,
      "receiver": 2,
      "TimeNdate": "2019-04-20T09:53:52.759Z",
      "id": 30
    },
    {
      "msg": "nghnh",
      "sender": 1,
      "receiver": 3,
      "TimeNdate": "2019-04-20T10:32:08.065Z",
      "id": 31
    },
    {
      "msg": "nhn",
      "sender": 1,
      "receiver": 3,
      "TimeNdate": "2019-04-20T10:32:20.469Z",
      "id": 32
    },
    {
      "msg": "xx",
      "sender": 1,
      "receiver": 3,
      "TimeNdate": "2019-04-20T10:47:44.229Z",
      "id": 33
    },
    {
      "msg": "gfgt",
      "sender": 1,
      "receiver": 3,
      "TimeNdate": "2019-04-20T10:47:44.229Z",
      "id": 34
    },
    {
      "msg": "yyyy",
      "sender": 1,
      "receiver": 3,
      "TimeNdate": "2019-04-20T10:50:28.452Z",
      "id": 35
    },
    {
      "msg": "yyyyvvvv",
      "sender": 1,
      "receiver": 3,
      "TimeNdate": "2019-04-20T10:50:28.452Z",
      "id": 36
    },
    {
      "msg": "yhhh",
      "sender": 1,
      "receiver": 2,
      "TimeNdate": "2019-04-20T10:50:28.452Z",
      "id": 37
    },
    {
      "msg": "",
      "sender": 1,
      "receiver": 2,
      "TimeNdate": "2019-04-20T10:50:28.452Z",
      "id": 38
    },
    {
      "msg": "kl,.l.l.l.l",
      "sender": 1,
      "receiver": 2,
      "TimeNdate": "2019-04-20T10:50:28.452Z",
      "id": 39
    }
  ]
}