{
    "posts":[

    ],
        "User": [
          {
            "firstName": "Sai",
            "lastName": "Teja",
            "phoneNumber": "9666988752",
            "email": "saiteja31096@gmail.com",
            "password": "saiteja123",
            "id": 1
          },
          {
            "firstName": "Sandesh B P",
            "lastName": "Lotlikar",
            "phoneNumber": "9481419215",
            "email": "sandeshbplotlikar@gmail.com",
            "password": "123",
            "id": 2
          },
          {
            "firstName": "sangmesh",
            "lastName": "sj",
            "phoneNumber": "9481419215",
            "email": "sangusj921@gmail.com",
            "password": "1234",
            "id": 3
          }
        ]
}